<metadata>
	<idinfo>
		<citation>
			<citeinfo>
				<origin>REQUIRED: The name of an organization or individual that developed the data set.</origin>
				<pubdate>REQUIRED: The date when the data set is published or otherwise made available for release.</pubdate>
				<title>t02_41_asum</title>
				<geoform>vector digital data</geoform>
				<onlink>\\tarsrv\jagatud_tar_koos\tar_koos.gdb</onlink>
				<ftname Sync="TRUE">TAR.t02_41_asum</ftname></citeinfo>
		</citation>
		<descript>
			<abstract>Tallinnas asumid halduslike linnaosade kindlapiirilised osad.</abstract>
			<purpose>Töötati välja Tallinna Ruumiandmete Registri loomiseks</purpose>
			<langdata Sync="TRUE">et</langdata></descript>
		<timeperd>
			<timeinfo>
				<sngdate>
					<caldate>REQUIRED: The year (and optionally month, or month and day) for which the data set corresponds to the ground.</caldate>
				</sngdate>
			</timeinfo>
			<current>publication date</current>
		</timeperd>
		<status>
			<progress>In work</progress>
			<update>Continually</update>
		</status>
		<spdom>
			<bounding>
				<westbc>
24.552552</westbc>
				<eastbc>
24.932013</eastbc>
				<northbc>
59.587405</northbc>
				<southbc>
59.348665</southbc>
			</bounding>
			<lboundng><leftbc Sync="TRUE">529877.441500</leftbc><rightbc Sync="TRUE">552564.090500</rightbc><bottombc Sync="TRUE">6579478.363500</bottombc><topbc Sync="TRUE">6606228.281900</topbc></lboundng></spdom>
		<keywords>
			<theme>
				<themekt>TAR reaalsusmudel</themekt>
				<themekey>haldus ja asustus</themekey>
			</theme>
			<place>
				<placekey>Tallinn</placekey>
			</place>
		</keywords>
		<accconst>Juurdepääsu õigused andmetele on reguleeritud Tallinna Ruumiandmete Registri põhimääruses ning Tallinna Linnaplaneerimise Ameti, kui vastutava töötleja poolt</accconst>
		<useconst>Andmete kasutusõigused on reguleeritud Tallinna Ruumiandmete Registri põhimääruses ning Tallinna Linnaplaneerimise Ameti, kui vastutava töötleja poolt</useconst>
		<native>Microsoft Windows XP Version 5.1 (Build 2600) Service Pack 2; ESRI ArcCatalog 9.2.2.1350</native>
		<natvform Sync="TRUE">SDE Feature Class</natvform></idinfo>
	<dataqual>
		<lineage>
			<procstep>
				<procdesc>Dataset copied.</procdesc>
				<srcused>\\A00008031\C$\tar_koos.mdb</srcused>
			</procstep>
			<procstep><procdesc Sync="TRUE">Metadata imported.</procdesc><srcused Sync="TRUE">\\tarsrv\jagatud_tar_koos\metadata\metadata_impordiks.xml</srcused><date Sync="TRUE">20080414</date><time Sync="TRUE">15240700</time></procstep><procstep><procdesc Sync="TRUE">Dataset copied.</procdesc><srcused Sync="TRUE">\\TARSRV\jagatud_tar_koos\tar_koos.gdb</srcused><date Sync="TRUE">20080415</date><time Sync="TRUE">11335900</time></procstep><procstep><procdesc Sync="TRUE">Dataset copied.</procdesc><srcused Sync="TRUE">\\TAR-LIVE\D$\Andmevahetus\Andmevahetus_080415.mdb</srcused><date Sync="TRUE">20080415</date><time Sync="TRUE">13494100</time></procstep><procstep><procdesc Sync="TRUE">Dataset copied.</procdesc><srcused Sync="TRUE">Server=tar-live; Service=5151; User=tar; Version=SDE.DEFAULT</srcused><procdate Sync="TRUE">20111021</procdate><proctime Sync="TRUE">18235200</proctime></procstep></lineage>
	</dataqual>
	<spdoinfo>
		<direct>Vector</direct>
		<ptvctinf><esriterm Name="t02_41_asum"><efeatyp Sync="TRUE">Simple</efeatyp><efeageom code="4" Sync="TRUE"></efeageom><esritopo Sync="TRUE">FALSE</esritopo><efeacnt Sync="TRUE">0</efeacnt><spindex Sync="TRUE">FALSE</spindex><linrefer Sync="TRUE">FALSE</linrefer></esriterm></ptvctinf></spdoinfo>
	<spref>
		<horizsys>
			<planar>
				<planci>
					<plance>coordinate pair</plance>
					<coordrep>
						<absres>0.000100</absres>
						<ordres>0.000100</ordres>
					</coordrep>
					<plandu>meters</plandu>
				</planci>
			</planar>
			<geodetic>
				<horizdn>D_Estonia_1997</horizdn>
				<ellips>Geodetic Reference System 80</ellips>
				<semiaxis>6378137.000000</semiaxis>
				<denflat>298.257222</denflat>
			</geodetic>
			<cordsysn><geogcsn Sync="TRUE">GCS_Estonia_1997</geogcsn><projcsn Sync="TRUE">Estonia_1997_Estonia_National_Grid</projcsn></cordsysn></horizsys>
		<vertdef>
			<altsys>
				<altres>0.000100</altres>
				<altenc>Explicit elevation coordinate included with horizontal coordinates</altenc>
			</altsys>
		</vertdef>
	</spref>
	<distinfo>
		<resdesc>Downloadable Data</resdesc>
	</distinfo>
	<metainfo>
		<metd>20080219</metd>
		<metc>
			<cntinfo>
				<cntorgp>
					<cntorg>Tallinna Linnaplaneerimise Amet geoinformaatika osakond</cntorg>
					<cntper>REQUIRED: The person responsible for the metadata information.</cntper>
				</cntorgp>
				<cntaddr>
					<addrtype>mailing and physical address</addrtype>
					<address>Vabaduse väljak 7</address>
					<city>Tallinn</city>
					<state>Harjumaa</state>
					<postal>15198</postal>
					<country>Eesti</country>
				</cntaddr>
				<cntvoice>+ 372 640 4203</cntvoice>
				<cntemail>tlpa@tallinnlv.ee</cntemail>
			</cntinfo>
		</metc>
		<metstdn>FGDC Content Standards for Digital Geospatial Metadata</metstdn>
		<metstdv>FGDC-STD-001-1998</metstdv>
		<mettc>local time</mettc>
		<metextns>
			<onlink>http://www.esri.com/metadata/esriprof80.html</onlink>
			<metprof>ESRI Metadata Profile</metprof>
		</metextns>
		<langmeta Sync="TRUE">et</langmeta></metainfo>
	<Esri><CreaDate>20111022</CreaDate><CreaTime>18510400</CreaTime><SyncOnce>FALSE</SyncOnce><SyncDate>20160524</SyncDate><SyncTime>09085500</SyncTime><ModDate>20160524</ModDate><ModTime>09085500</ModTime><DataProperties><lineage><Process Name="DropRepresentation_7" ToolSource="C:\Program Files\ArcGIS\ArcToolbox\Toolboxes\Cartography Tools.tbx\DropRepresentation" Date="20080415" Time="094303">DropRepresentation \\tarsrv\jagatud_tar_koos\tar_koos.gdb\Haldus_asustusjaotus\t02_41_asum A_t02_41_asum \\tarsrv\jagatud_tar_koos\tar_koos.gdb\Haldus_asustusjaotus\t02_41_asum</Process><Process Name="AddRepresentation_9" ToolSource="C:\Program Files\ArcGIS\ArcToolbox\Toolboxes\Cartography Tools.tbx\AddRepresentation" Date="20080415" Time="094444">AddRepresentation \\tarsrv\jagatud_tar_koos\tar_koos.gdb\Haldus_asustusjaotus\t02_41_asum A_t02_41_asum A2_ESITUSREEGEL A2_ESITUSERAND STORE_CHANGE_AS_OVERRIDE # ASSIGN \\tarsrv\jagatud_tar_koos\tar_koos.gdb\Haldus_asustusjaotus\t02_41_asum</Process><Process ToolSource="c:\program files (x86)\arcgis\desktop10.2\ArcToolbox\Toolboxes\Data Management Tools.tbx\DeleteFeatures" Date="20160516" Time="094130">DeleteFeatures "Asum 2test"</Process><Process ToolSource="c:\program files (x86)\arcgis\desktop10.2\ArcToolbox\Toolboxes\Data Management Tools.tbx\Append" Date="20160516" Time="094519">Append 'Asum 2' "Asum 2test" NO_TEST "tar_id "TAR ID" true false true 4 Long 0 10 ,First,#;tyyp_id "EHAK TÜÜP" true false false 2 Short 0 5 ,First,#,Asum 2,tyyp_id,-1,-1;asumi_nimi "ASUMI NIMI" true true false 70 Text 0 0 ,First,#,Asum 2,asumi_nimi,-1,-1;linnaosa_nimi "LINNAOSA NIMI" true true false 70 Text 0 0 ,First,#,Asum 2,linnaosa_nimi,-1,-1;linna_nimi "LINNA NIMI" true true false 50 Text 0 0 ,First,#,Asum 2,linna_nimi,-1,-1;asumi_kood_nr "ASUMI KOOD NR" true true false 2 Short 0 5 ,First,#,Asum 2,asumi_kood_nr,-1,-1;asumi_kood_tekst "ASUMI KOOD TEKST" true true false 6 Text 0 0 ,First,#,Asum 2,asumi_kood_tekst,-1,-1;linnaosa_kood "LINNAOSA EHAK KOOD" true true false 4 Text 0 0 ,First,#,Asum 2,linnaosa_kood,-1,-1;linnaosa_lyhinimi "LINNAOSA LÜHINIMI" true true false 50 Text 0 0 ,First,#,Asum 2,linnaosa_lyhinimi,-1,-1;linna_kood "LINNA EHAK KOOD" true true false 4 Text 0 0 ,First,#,Asum 2,linna_kood,-1,-1;pindala "PINDALA HA" true true false 8 Double 8 38 ,First,#,Asum 2,pindala,-1,-1;vajalik "VAJALIK" true true false 2 Short 0 5 ,First,#,Asum 2,vajalik,-1,-1;markused "MÄRKUSED" true true false 255 Text 0 0 ,First,#,Asum 2,markused,-1,-1;lisamis_kp "LISAMISE KP" true false false 36 Date 0 0 ,First,#;muutmis_kp "MUUTMISE KP" true false false 36 Date 0 0 ,First,#;lisaja "lisaja" true false false 50 Text 0 0 ,First,#;muutja "muutja" true false false 50 Text 0 0 ,First,#;andmeallika_id "ANDMEALLIKA ID" true false false 4 Long 0 10 ,First,#;korgusallika_id "KÕRGUSALLIKA ID" true false false 4 Long 0 10 ,First,#;ruumikujuallika_id "RUUMIKUJUALLIKA ID" true false false 4 Long 0 10 ,First,#;a2_esitusreegel "A2_ESITUSREEGEL" true true true 4 Long 0 10 ,First,#,Asum 2,a2_esitusreegel,-1,-1;a2_esituserand "A2_ESITUSERAND" true true true 0 Blob 0 0 ,First,#,Asum 2,a2_esituserand,-1,-1;st_area(shape) "st_area(shape)" false false true 0 Double 0 0 ,First,#;st_length(shape) "st_length(shape)" false false true 0 Double 0 0 ,First,#" #</Process></lineage><itemProps><itemLocation><linkage Sync="TRUE">file://\\tallinnlv.ee\data\linnaplaneerimise amet\kaardimaterjal\Arhiiv\Asumipiirid\Asumid_shp_23052016\t02_41_asum.shp</linkage><protocol Sync="TRUE">Local Area Network</protocol></itemLocation><itemName Sync="TRUE">t02_41_asum</itemName><imsContentType Sync="TRUE">002</imsContentType><itemSize Sync="TRUE">0.000</itemSize></itemProps><coordRef><type Sync="TRUE">Projected</type><geogcsn Sync="TRUE">GCS_Estonia_1997</geogcsn><csUnits Sync="TRUE">Linear Unit: Meter (1.000000)</csUnits><projcsn Sync="TRUE">Estonia_1997_Estonia_National_Grid</projcsn><peXml Sync="TRUE">&lt;ProjectedCoordinateSystem xsi:type='typens:ProjectedCoordinateSystem' xmlns:xsi='http://www.w3.org/2001/XMLSchema-instance' xmlns:xs='http://www.w3.org/2001/XMLSchema' xmlns:typens='http://www.esri.com/schemas/ArcGIS/10.1'&gt;&lt;WKT&gt;PROJCS[&amp;quot;Estonia_1997_Estonia_National_Grid&amp;quot;,GEOGCS[&amp;quot;GCS_Estonia_1997&amp;quot;,DATUM[&amp;quot;D_Estonia_1997&amp;quot;,SPHEROID[&amp;quot;GRS_1980&amp;quot;,6378137.0,298.257222101]],PRIMEM[&amp;quot;Greenwich&amp;quot;,0.0],UNIT[&amp;quot;Degree&amp;quot;,0.0174532925199433]],PROJECTION[&amp;quot;Lambert_Conformal_Conic&amp;quot;],PARAMETER[&amp;quot;False_Easting&amp;quot;,500000.0],PARAMETER[&amp;quot;False_Northing&amp;quot;,6375000.0],PARAMETER[&amp;quot;Central_Meridian&amp;quot;,24.0],PARAMETER[&amp;quot;Standard_Parallel_1&amp;quot;,58.0],PARAMETER[&amp;quot;Standard_Parallel_2&amp;quot;,59.33333333333334],PARAMETER[&amp;quot;Latitude_Of_Origin&amp;quot;,57.51755393055556],UNIT[&amp;quot;Meter&amp;quot;,1.0],AUTHORITY[&amp;quot;EPSG&amp;quot;,3301]]&lt;/WKT&gt;&lt;XOrigin&gt;-34999000&lt;/XOrigin&gt;&lt;YOrigin&gt;-25103900&lt;/YOrigin&gt;&lt;XYScale&gt;126865535.01142272&lt;/XYScale&gt;&lt;ZOrigin&gt;-100000&lt;/ZOrigin&gt;&lt;ZScale&gt;10000&lt;/ZScale&gt;&lt;MOrigin&gt;-100000&lt;/MOrigin&gt;&lt;MScale&gt;10000&lt;/MScale&gt;&lt;XYTolerance&gt;0.001&lt;/XYTolerance&gt;&lt;ZTolerance&gt;0.001&lt;/ZTolerance&gt;&lt;MTolerance&gt;0.001&lt;/MTolerance&gt;&lt;HighPrecision&gt;true&lt;/HighPrecision&gt;&lt;WKID&gt;3301&lt;/WKID&gt;&lt;LatestWKID&gt;3301&lt;/LatestWKID&gt;&lt;/ProjectedCoordinateSystem&gt;</peXml></coordRef></DataProperties><ArcGISFormat>1.0</ArcGISFormat></Esri><dataIdInfo><envirDesc Sync="TRUE">Microsoft Windows 7 Version 6.1 (Build 7601) Service Pack 1; Esri ArcGIS 10.2.2.3552</envirDesc><dataLang><languageCode Sync="TRUE" value="est"></languageCode><countryCode value="EST" Sync="TRUE"></countryCode></dataLang><idCitation><resTitle Sync="TRUE">t02_41_asum</resTitle><presForm><PresFormCd Sync="TRUE" value="005"></PresFormCd></presForm></idCitation><dataExt><geoEle><GeoBndBox esriExtentType="native"><westBL Sync="TRUE">529877.4415</westBL><eastBL Sync="TRUE">552564.0905</eastBL><northBL Sync="TRUE">6606228.2819</northBL><southBL Sync="TRUE">6579478.3635</southBL><exTypeCode Sync="TRUE">1</exTypeCode></GeoBndBox></geoEle></dataExt><geoBox esriExtentType="decdegrees"><westBL Sync="TRUE">24.525209</westBL><eastBL Sync="TRUE">24.930496</eastBL><northBL Sync="TRUE">59.592414</northBL><southBL Sync="TRUE">59.350111</southBL><exTypeCode Sync="TRUE">1</exTypeCode></geoBox><spatRpType><SpatRepTypCd Sync="TRUE" value="001"></SpatRepTypCd></spatRpType></dataIdInfo><mdLang><languageCode Sync="TRUE" value="est"></languageCode><countryCode value="EST" Sync="TRUE"></countryCode></mdLang><mdStanName Sync="TRUE">ISO 19115 Geographic Information - Metadata</mdStanName><mdStanVer Sync="TRUE">DIS_ESRI1.0</mdStanVer><mdChar><CharSetCd Sync="TRUE" value="004"></CharSetCd></mdChar><mdHrLv><ScopeCd Sync="TRUE" value="005"></ScopeCd></mdHrLv><mdHrLvName Sync="TRUE">dataset</mdHrLvName><distInfo><distributor><distorTran><onLineSrc><orDesc Sync="TRUE">002</orDesc><linkage Sync="TRUE">file://\\TAR-LIVE\E$\tonis\loplik\main.gdb</linkage><protocol Sync="TRUE">Local Area Network</protocol></onLineSrc></distorTran><distorFormat><formatName Sync="TRUE">SDE Feature Class</formatName></distorFormat></distributor><distFormat><formatName Sync="TRUE">Shapefile</formatName></distFormat><distTranOps><transSize Sync="TRUE">0.000</transSize></distTranOps></distInfo><refSysInfo><RefSystem><refSysID><identCode Sync="TRUE" code="3301">Estonia_1997_Estonia_National_Grid</identCode><idCodeSpace Sync="TRUE">EPSG</idCodeSpace><idVersion Sync="TRUE">8.2.6</idVersion></refSysID></RefSystem></refSysInfo><spatRepInfo><VectSpatRep><geometObjs Name="t02_41_asum"><geoObjTyp><GeoObjTypCd value="002" Sync="TRUE"></GeoObjTypCd></geoObjTyp><geoObjCnt Sync="TRUE">0</geoObjCnt></geometObjs><topLvl><TopoLevCd value="001" Sync="TRUE"></TopoLevCd></topLvl></VectSpatRep></spatRepInfo><eainfo><detailed Name="t02_41_asum"><enttyp><enttypl Sync="TRUE">t02_41_asum</enttypl><enttypt Sync="TRUE">Feature Class</enttypt><enttypc Sync="TRUE">0</enttypc><enttypd>Tallinna mitteametlikud territoriaalsed üksused</enttypd><enttypds>TLPA geoinformaatika osakond</enttypds></enttyp><attr><attrlabl Sync="TRUE">TAR_ID</attrlabl><attalias Sync="TRUE">tar_id</attalias><attrtype Sync="TRUE">Double</attrtype><attwidth Sync="TRUE">10</attwidth><atprecis Sync="TRUE">10</atprecis><attscale Sync="TRUE">0</attscale><attrdef>Unikaalne TAR identifikaator (edaspidi TAR_ID). Objekti(de) muutuste korral peab kaardistaja jälgima, et TAR_ID omistatakse/säilitatakse objekti järglasele.</attrdef><attrdefs>TLPA geoinformaatika osakond</attrdefs></attr><attr><attrlabl Sync="TRUE">Lisamis_kp</attrlabl><attalias Sync="TRUE">FID</attalias><attrtype Sync="TRUE">OID</attrtype><attwidth Sync="TRUE">4</attwidth><atprecis Sync="TRUE">0</atprecis><attscale Sync="TRUE">0</attscale><attrdef>Andmete lisamise aeg.</attrdef><attrdefs>Koostaja AS Regio</attrdefs><attrdomv><udom Sync="TRUE">Sequential unique whole numbers that are automatically generated.</udom></attrdomv></attr><attr><attrlabl Sync="TRUE">Tyyp_ID</attrlabl><attalias Sync="TRUE">asumi_nimi</attalias><attrtype Sync="TRUE">String</attrtype><attwidth Sync="TRUE">70</attwidth><atprecis Sync="TRUE">0</atprecis><attscale Sync="TRUE">0</attscale><attrdef>Alltüübi unikaalne tunnuskood nähtusklassis.</attrdef><attrdefs>TLPA geoinformaatika osakond</attrdefs></attr><attr><attrlabl Sync="TRUE">ASUMI_NIMI</attrlabl><attalias Sync="TRUE">linna_nimi</attalias><attrtype Sync="TRUE">String</attrtype><attwidth Sync="TRUE">50</attwidth><atprecis Sync="TRUE">0</atprecis><attscale Sync="TRUE">0</attscale><attrdef>Asumi ametlik nimi. </attrdef><attrdefs>Koostaja AS Regio</attrdefs></attr><attr><attrlabl Sync="TRUE">LINNA_NIMI</attrlabl><attalias Sync="TRUE">linna_kood</attalias><attrtype Sync="TRUE">String</attrtype><attwidth Sync="TRUE">4</attwidth><atprecis Sync="TRUE">0</atprecis><attscale Sync="TRUE">0</attscale><attrdef>KOV nimi, mille territooriumil asum paikneb. </attrdef><attrdefs>TLPA geoinformaatika osakond</attrdefs></attr><subtype><stname Sync="TRUE">asum</stname><stcode Sync="TRUE">9</stcode><stfield><stfldnm Sync="TRUE">TYYP_ID</stfldnm><stflddv Sync="TRUE">0</stflddv></stfield><stfield><stfldnm Sync="TRUE">A2_ESITUSREEGEL</stfldnm><stflddd><domname Sync="TRUE">A_t02_41_asum_Rules</domname><domdesc Sync="TRUE">Representation rules</domdesc><domtype Sync="TRUE">Coded Value</domtype><mrgtype Sync="TRUE">Default value</mrgtype><splttype Sync="TRUE">Default value</splttype><domowner Sync="TRUE">TAR</domowner><domfldtp Sync="TRUE">Integer</domfldtp></stflddd></stfield></subtype><attr><attrlabl Sync="TRUE">Muutmis_kp</attrlabl><attalias Sync="TRUE">linnaosa_n</attalias><attrtype Sync="TRUE">String</attrtype><attwidth Sync="TRUE">70</attwidth><atprecis Sync="TRUE">0</atprecis><attscale Sync="TRUE">0</attscale><attrdefs>Koostaja AS Regio</attrdefs><attrdef>Andmete muutmise kuupäev TAR-süsteemis. </attrdef></attr><attr><attrlabl Sync="TRUE">LINNA_KOOD</attrlabl><attalias Sync="TRUE">tyyp_id</attalias><attrtype Sync="TRUE">Integer</attrtype><attwidth Sync="TRUE">5</attwidth><atprecis Sync="TRUE">5</atprecis><attscale Sync="TRUE">0</attscale><attrdef>Linna, kuhu asum kuulub EHAK kood tekstina.</attrdef><attrdefs>TLPA geoinformaatika osakond</attrdefs></attr><attr><attrlabl Sync="TRUE">MUUTJA</attrlabl><attalias Sync="TRUE">asumi_kood</attalias><attrtype Sync="TRUE">Integer</attrtype><attwidth Sync="TRUE">5</attwidth><atprecis Sync="TRUE">5</atprecis><attscale Sync="TRUE">0</attscale><attrdef Sync="TRUE">Internal feature number.</attrdef><attrdefs Sync="TRUE">ESRI</attrdefs><attrdomv><udom Sync="TRUE">Sequential unique whole numbers that are automatically generated.</udom></attrdomv></attr><attr><attrlabl Sync="TRUE">SHAPE</attrlabl><attalias Sync="TRUE">asumi_ko_1</attalias><attrtype Sync="TRUE">String</attrtype><attwidth Sync="TRUE">6</attwidth><atprecis Sync="TRUE">0</atprecis><attscale Sync="TRUE">0</attscale><attrdef Sync="TRUE">Feature geometry.</attrdef><attrdefs Sync="TRUE">ESRI</attrdefs><attrdomv><udom Sync="TRUE">Coordinates defining the features.</udom></attrdomv></attr><attr><attrlabl Sync="TRUE">Lisaja</attrlabl><attalias Sync="TRUE">linnaosa_k</attalias><attrtype Sync="TRUE">String</attrtype><attwidth Sync="TRUE">4</attwidth><atprecis Sync="TRUE">0</atprecis><attscale Sync="TRUE">0</attscale><attrdefs>Koostaja AS Regio</attrdefs><attrdef>Andmete sisestaja, nimi või kasutajatunnus.</attrdef></attr><attr><attrlabl Sync="TRUE">Muutja</attrlabl><attalias Sync="TRUE">linnaosa_l</attalias><attrtype Sync="TRUE">String</attrtype><attwidth Sync="TRUE">50</attwidth><atprecis Sync="TRUE">0</atprecis><attscale Sync="TRUE">0</attscale><attrdefs>Koostaja AS Regio</attrdefs><attrdef>Andmete muutja nimi või kasutajatunnus TAR-süsteemis.</attrdef></attr><attr><attrlabl Sync="TRUE">TYYP_ID</attrlabl><attalias Sync="TRUE">pindala</attalias><attrtype Sync="TRUE">Double</attrtype><attwidth Sync="TRUE">19</attwidth><atprecis Sync="TRUE">18</atprecis><attscale Sync="TRUE">8</attscale></attr><attr><attrlabl Sync="TRUE">PINDALA</attrlabl><attalias Sync="TRUE">vajalik</attalias><attrtype Sync="TRUE">Integer</attrtype><attwidth Sync="TRUE">5</attwidth><atprecis Sync="TRUE">5</atprecis><attscale Sync="TRUE">0</attscale></attr><attr><attrlabl Sync="TRUE">LISAMIS_KP</attrlabl><attalias Sync="TRUE">markused</attalias><attrtype Sync="TRUE">String</attrtype><attwidth Sync="TRUE">254</attwidth><atprecis Sync="TRUE">0</atprecis><attscale Sync="TRUE">0</attscale></attr><attr><attrlabl Sync="TRUE">MUUTMIS_KP</attrlabl><attalias Sync="TRUE">lisamis_kp</attalias><attrtype Sync="TRUE">Date</attrtype><attwidth Sync="TRUE">8</attwidth><atprecis Sync="TRUE">0</atprecis><attscale Sync="TRUE">0</attscale></attr><attr><attrlabl Sync="TRUE">Pindala</attrlabl><attalias Sync="TRUE">muutmis_kp</attalias><attrtype Sync="TRUE">Date</attrtype><attwidth Sync="TRUE">8</attwidth><atprecis Sync="TRUE">0</atprecis><attscale Sync="TRUE">0</attscale><attrdef>Maa-ala pindala.</attrdef><attrdefs>Koostaja AS Regio</attrdefs></attr><attr><attrlabl Sync="TRUE">VAJALIK</attrlabl><attalias Sync="TRUE">lisaja</attalias><attrtype Sync="TRUE">String</attrtype><attwidth Sync="TRUE">50</attwidth><atprecis Sync="TRUE">0</atprecis><attscale Sync="TRUE">0</attscale><attrdef>Objekt vajab tähelepanu.</attrdef><attrdefs>ETAK</attrdefs></attr><attr><attrlabl Sync="TRUE">MARKUSED</attrlabl><attalias Sync="TRUE">muutja</attalias><attrtype Sync="TRUE">String</attrtype><attwidth Sync="TRUE">50</attwidth><atprecis Sync="TRUE">0</atprecis><attscale Sync="TRUE">0</attscale><attrdef>Kokkuleppelised või vabas vormis märkused</attrdef><attrdefs>ETAK</attrdefs></attr><attr><attrlabl Sync="TRUE">LISAJA</attrlabl><attalias Sync="TRUE">Shape</attalias><attrtype Sync="TRUE">Geometry</attrtype><attwidth Sync="TRUE">0</attwidth><atprecis Sync="TRUE">0</atprecis><attscale Sync="TRUE">0</attscale><attrdef Sync="TRUE">Feature geometry.</attrdef><attrdefs Sync="TRUE">Esri</attrdefs><attrdomv><udom Sync="TRUE">Coordinates defining the features.</udom></attrdomv></attr><attr><attrlabl Sync="TRUE">Shape</attrlabl><attalias Sync="TRUE">andmeallik</attalias><attrtype Sync="TRUE">Double</attrtype><attwidth Sync="TRUE">10</attwidth><atprecis Sync="TRUE">10</atprecis><attscale Sync="TRUE">0</attscale><attrdef Sync="TRUE">Feature geometry.</attrdef><attrdefs Sync="TRUE">ESRI</attrdefs><attrdomv><udom Sync="TRUE">Coordinates defining the features.</udom></attrdomv></attr><attr><attrlabl Sync="TRUE">korgusalli</attrlabl><attalias Sync="TRUE">korgusalli</attalias><attrtype Sync="TRUE">Double</attrtype><attwidth Sync="TRUE">10</attwidth><atprecis Sync="TRUE">10</atprecis><attscale Sync="TRUE">0</attscale></attr><attr><attrlabl Sync="TRUE">ruumikujua</attrlabl><attalias Sync="TRUE">ruumikujua</attalias><attrtype Sync="TRUE">Double</attrtype><attwidth Sync="TRUE">10</attwidth><atprecis Sync="TRUE">10</atprecis><attscale Sync="TRUE">0</attscale></attr><attr><attrlabl Sync="TRUE">a2_esitusr</attrlabl><attalias Sync="TRUE">a2_esitusr</attalias><attrtype Sync="TRUE">Double</attrtype><attwidth Sync="TRUE">10</attwidth><atprecis Sync="TRUE">10</atprecis><attscale Sync="TRUE">0</attscale></attr><attr><attrlabl Sync="TRUE">st_area_sh</attrlabl><attalias Sync="TRUE">st_area_sh</attalias><attrtype Sync="TRUE">Double</attrtype><attwidth Sync="TRUE">19</attwidth><atprecis Sync="TRUE">0</atprecis><attscale Sync="TRUE">0</attscale></attr><attr><attrlabl Sync="TRUE">st_length_</attrlabl><attalias Sync="TRUE">st_length_</attalias><attrtype Sync="TRUE">Double</attrtype><attwidth Sync="TRUE">19</attwidth><atprecis Sync="TRUE">0</atprecis><attscale Sync="TRUE">0</attscale></attr></detailed><detailed Name="TAR.t02_41_asum_vasemal"><enttyp><enttypl Sync="TRUE">TAR.t02_41_asum_vasemal</enttypl><enttypt Sync="TRUE">Relationship</enttypt></enttyp></detailed><detailed Name="TAR.t02_41_asum_paremal"><enttyp><enttypl Sync="TRUE">TAR.t02_41_asum_paremal</enttypl><enttypt Sync="TRUE">Relationship</enttypt></enttyp></detailed><detailed Name="TAR.t02_41_asustusyksus_asum"><enttyp><enttypl Sync="TRUE">TAR.t02_41_asustusyksus_asum</enttypl><enttypt Sync="TRUE">Relationship</enttypt></enttyp></detailed></eainfo><mdDateSt Sync="TRUE">20160524</mdDateSt></metadata>
